,masterid,mastermag,egfid,egfmag,station_number,fcmaster
0,38443095,3.98,38443111,2.49,13,14.519698332087067
1,38443095,3.98,38443127,2.13,9,10.470530218157528
