,masterid,master_magnitude,fc,egf_number
0,38443183,6.4,1.2568263462771398,41
1,38443535,4.23,6.333852045926509,1
2,38443231,4.13,3.5134372749888683,6
3,37218996,4.01,2.7684100124466955,2
4,38443095,3.98,9.90233255223542,2
5,37222364,3.97,2.1913747687329828,2
6,38443255,3.86,2.7483977469512215,1
7,38443383,3.79,9.321647159501916,1
8,38443215,3.69,3.9987967345020685,4
9,38443487,3.38,9.474076037969398,1
10,37223380,2.89,9.337832392106318,1
11,38443111,2.49,9.661093784315717,1
