,masterid,mastermag,egfid,egfmag,station_number,fcmaster
0,38443279,3.5,37421981,2.77,5,20.390845785390795
1,38443279,3.5,37222692,2.73,3,17.79006959639914
2,38443271,3.07,37222684,2.37,4,13.795030682062496
