,masterid,mastermag,egfid,egfmag,station_number,fcmaster
0,38443095,3.98,38443111,2.49,18,10.110328702748555
1,38443095,3.98,38443127,2.13,10,9.961400361129272
2,37222364,3.97,38443311,2.95,1,4.079857526766072
