,masterid,master_magnitude,fc,egf_number
0,38443231,4.13,2.6213689945713075,6
1,37218996,4.01,1.4155461842501171,2
2,37222364,3.97,2.0979270570521154,4
3,38443255,3.86,3.8328713079708234,2
4,38443223,3.8,3.5230379445454703,1
5,38443215,3.69,2.519072311736669,5
6,37222372,3.66,1.182466130164514,2
