,masterid,master_magnitude,fc,egf_number
0,38443095,3.98,10.035864531938913,2
1,37222364,3.97,4.079857526766072,1
