,masterid,master_magnitude,fc,egf_number
0,38443535,4.23,4.547766009419421,1
1,38443231,4.13,2.516692312078727,5
2,37218996,4.01,1.0730670919820062,4
3,38443095,3.98,8.248126617426948,3
4,37222364,3.97,2.1637405306898767,3
5,38443255,3.86,5.3895071926721485,2
6,38443383,3.79,8.150719844126739,2
7,37422005,3.53,5.007530472564641,1
